fullname,id,gender,birthyear,address
Jessica Payne,5117,male,1958,"969 Us Hwy 80 West, Demopolis AL 36732"
Juan Russell,7050,male,1964,"3300 South Oates Street, Dothan AL 36301"
Milton Martin,9054,female,1986,"4310 Montgomery Hwy, Dothan AL 36303"
Carlos Baker,4930,female,1987,"600 Boll Weevil Circle, Enterprise AL 36330"
Harvey Holland,6304,male,1980,"3176 South Eufaula Avenue, Eufaula AL 36027"
Roosevelt Romero,5487,male,1966,"7100 Aaron Aronov Drive, Fairfield AL 35064"
Andy Gill,8841,female,1971,"10040 County Road 48, Fairhope AL 36533"
Leigh Sharp,3934,male,1957,"3186 Hwy 171 North, Fayette AL 35555"
Hilda Allen,5953,female,1983,"3100 Hough Rd, Florence AL 35630"
Raymond Weber,5253,male,1990,"2200 South Mckenzie St, Foley AL 36535"
Gerald Henry,7206,male,1976,"2001 Glenn Bldv Sw, Fort Payne AL 35968"
Jean Price,3502,female,1967,"340 East Meighan Blvd, Gadsden AL 35903"
Verna Marshall,7820,male,1968,"890 Odum Road, Gardendale AL 35071"
Mona Porter,3826,male,1980,"1608 W Magnolia Ave, Geneva AL 36340"
Maureen Todd,7861,female,1966,"501 Willow Lane, Greenville AL 36037"
Glenda Woods,4633,male,1971,"170 Fort Morgan Road, Gulf Shores AL 36542"
Seth Hampton,9568,male,1978,"11697 US Hwy 431, Guntersville AL 35976"
Alison Nichols,5568,male,1983,"42417 Hwy 195, Haleyville AL 35565"
Kayla Evans,9609,female,1979,"1706 Military Street South, Hamilton AL 35570"
Levi Freeman,8446,female,1986,"1201 Hwy 31 NW, Hartselle AL 35640"
Henry Williamson,3475,male,1955,"209 Lakeshore Parkway, Homewood AL 35209"
Virgil Jacobs,6387,male,1966,"2780 John Hawkins Pkwy, Hoover AL 35244"
Shelley Hughes,6793,female,1966,"5335 Hwy 280 South, Hoover AL 35242"
Clifford Obrien,8014,male,1957,"1007 Red Farmer Drive, Hueytown AL 35023"
Armando Harrison,6781,male,1967,"2900 S Mem PkwyDrake Ave, Huntsville AL 35801"
Judith Conner,5974,female,1966,"11610 Memorial Pkwy South, Huntsville AL 35803"
Peter Underwood,5643,female,1990,"2200 Sparkman Drive, Huntsville AL 35810"
Betsy Gutierrez,4137,male,1962,"330 Sutton Rd, Huntsville AL 35763"
Alexis Mcbride,9048,female,1968,"6140A Univ Drive, Huntsville AL 35806"
Courtney Kennedy,8288,female,1973,"4206 N College Ave, Jackson AL 36545"
Clint Lynch,6909,male,1966,"1625 Pelham South, Jacksonville AL 36265"
Bertha Smith,7215,female,1994,"1801 Hwy 78 East, Jasper AL 35501"
Marshall Huff,9291,female,1981,"8551 Whitfield Ave, Leeds AL 35094"
Robin Ramsey,4200,male,1956,"8650 Madison Blvd, Madison AL 35758"
Noel Holmes,8231,male,1983,"145 Kelley Blvd, Millbrook AL 36054"
Leland Oliver,6713,female,1961,"1970 S University Blvd, Mobile AL 36609"
Ellis Davidson,8603,female,1967,"6350 Cottage Hill Road, Mobile AL 36609"
Laverne Mendoza,7990,female,1988,"101 South Beltline Highway, Mobile AL 36606"
Diana Robbins,8407,female,1958,"2500 Dawes Road, Mobile AL 36695"
Rickey Mckenzie,4260,female,1957,"5245 Rangeline Service Rd, Mobile AL 36619"
Beth Simmons,9480,male,1960,"685 Schillinger Rd, Mobile AL 36695"